time/total_timesteps,rollout/ep_len_mean,time/time_elapsed,time/fps,time/iterations,rollout/ep_rew_mean,train/loss,train/clip_range,train/explained_variance,train/policy_gradient_loss,train/n_updates,train/approx_kl,train/clip_fraction,train/value_loss,train/entropy_loss,train/learning_rate,train/std
8192,63.96,26,306,1,6.187939610000002,,,,,,,,,,,
16384,65.37,54,300,2,9.51588028,11.198880195617676,0.2,-0.017627596855163574,-0.025603124665940412,10,0.010529143,0.1271240234375,25.391985630989076,-17.04805455207825,0.0003,1.0027333498001099
24576,62.17,82,296,3,7.887681270000001,8.539249420166016,0.2,0.13123154640197754,-0.0275005215240526,20,0.010232871,0.11243896484375,20.541221058368684,-17.062225109338762,0.0003,1.003269076347351
32768,64.64,112,290,4,9.897321299999998,6.177764415740967,0.2,0.40996694564819336,-0.024976379020517924,30,0.009944874,0.10643310546875,18.056590238213538,-17.082893151044846,0.0003,1.0054410696029663
40960,62.21,141,288,5,10.29943018,7.390355587005615,0.2,0.5224781632423401,-0.024210312351351605,40,0.009405455,0.0978759765625,18.37175516784191,-17.10072205066681,0.0003,1.0062428712844849
49152,62.51,171,286,6,9.24916693,6.191100120544434,0.2,0.6219596862792969,-0.025605119384999854,50,0.009542204,0.10108642578125,16.834399363398553,-17.113931387662888,0.0003,1.0077691078186035
57344,64.71,200,286,7,10.476240940000002,10.8270902633667,0.2,0.6061694025993347,-0.02627167436876334,60,0.009841917,0.10938720703125,20.344315934181214,-17.114143204689025,0.0003,1.0066159963607788
65536,60.36,229,285,8,11.5833329,7.44035530090332,0.2,0.6725862622261047,-0.030462821961555163,70,0.01091145,0.118701171875,16.446210432052613,-17.14606550335884,0.0003,1.0118002891540527
73728,63.14,258,284,9,12.87179266,7.230719089508057,0.2,0.7304038405418396,-0.032582708597328744,80,0.011364592,0.13272705078125,12.448100686073303,-17.176310455799104,0.0003,1.0127484798431396
81920,67.95,287,285,10,13.20906888,4.615525245666504,0.2,0.7726176977157593,-0.03608302990760422,90,0.013406387,0.15872802734375,11.718358489871026,-17.18616931438446,0.0003,1.013318419456482
90112,66.35,315,285,11,13.484862280000002,4.806790828704834,0.2,0.775505542755127,-0.03649500933970558,100,0.013581481,0.15889892578125,12.441525596380234,-17.236497503519058,0.0003,1.0191794633865356
98304,69.03,343,286,12,13.53650163,4.477905750274658,0.2,0.8053609132766724,-0.03898617462109542,110,0.013666614,0.16158447265625,10.868775275349616,-17.253039634227754,0.0003,1.0191010236740112
106496,68.54,371,286,13,13.341982889999999,5.095867156982422,0.2,0.7741017937660217,-0.03798869612000999,120,0.013193433,0.14842529296875,13.077918907999992,-17.27754099369049,0.0003,1.021604299545288
114688,79.03,396,288,14,16.482606840000003,5.0682196617126465,0.2,0.8073074817657471,-0.038949918330763465,130,0.014320655,0.167138671875,10.482502575218678,-17.305108547210693,0.0003,1.0242880582809448
122880,72.61,423,290,15,13.768930389999998,5.218912124633789,0.2,0.7826709747314453,-0.03873150761355646,140,0.013065084,0.15706787109375,12.497117015719414,-17.342744237184526,0.0003,1.0276678800582886
131072,80.79,448,292,16,17.941542589999997,4.284572601318359,0.2,0.8110011219978333,-0.03941680560092209,150,0.013476254,0.16881103515625,11.512680871784687,-17.36355096101761,0.0003,1.0287388563156128
139264,78.36,473,293,17,18.337730699999998,3.4452810287475586,0.2,0.8225958347320557,-0.041178281087923096,160,0.014577351,0.17464599609375,10.78222602158785,-17.355303829908372,0.0003,1.0269204378128052
147456,84.87,498,295,18,18.384763,3.7746706008911133,0.2,0.842170000076294,-0.04203888032570831,170,0.015815463,0.18253173828125,10.219825503230094,-17.35175746679306,0.0003,1.0274850130081177
155648,92.03,522,298,19,20.85476831,4.587830543518066,0.2,0.8442703485488892,-0.042312880729150494,180,0.015399155,0.1815185546875,10.053320065140724,-17.348342472314833,0.0003,1.0271294116973877
163840,83.57,546,299,20,18.60582871,4.8139567375183105,0.2,0.8543474078178406,-0.04079397117093322,190,0.014104197,0.16497802734375,10.367565481364727,-17.345774894952775,0.0003,1.026634931564331
172032,91.79,571,301,21,22.627697429999994,4.600397109985352,0.2,0.8671503067016602,-0.041382123080984455,200,0.01480822,0.1757568359375,9.917201732099056,-17.356264823675154,0.0003,1.0280842781066895
180224,103.31,599,300,22,24.50542659,3.8663699626922607,0.2,0.860716700553894,-0.04267727489786921,210,0.015569045,0.19259033203125,10.739027774333954,-17.356307405233384,0.0003,1.0281363725662231
188416,106.36,634,296,23,27.712909219999997,5.751946449279785,0.2,0.8586667776107788,-0.04159284869892872,220,0.0147127425,0.17315673828125,10.517044001817704,-17.388058054447175,0.0003,1.0315417051315308
196608,105.22,670,293,24,28.65025813,5.1276984214782715,0.2,0.8614742755889893,-0.041321163398970386,230,0.015332315,0.17734375,11.135425016283989,-17.417508453130722,0.0003,1.0342497825622559
204800,116.91,705,290,25,29.42593162,5.10099983215332,0.2,0.8598987460136414,-0.042046039686101724,240,0.01496982,0.19019775390625,11.736820489168167,-17.449143081903458,0.0003,1.0370200872421265
212992,112.93,737,288,26,29.002257070000006,3.8254075050354004,0.2,0.8687328100204468,-0.04346802247600863,250,0.016102562,0.195849609375,11.145593048632145,-17.490073364973068,0.0003,1.0403889417648315
221184,117.11,769,287,27,31.933577419999995,5.087921619415283,0.2,0.8554938435554504,-0.044620671682059763,260,0.016493347,0.1962890625,12.563807842135429,-17.51265906095505,0.0003,1.0414904356002808
229376,130.9,799,286,28,36.91894221,5.218307018280029,0.2,0.8620314002037048,-0.04365805734414607,270,0.016712617,0.19180908203125,12.790371072292327,-17.505220276117324,0.0003,1.0406118631362915
237568,142.33,828,286,29,41.54048220000001,6.183138847351074,0.2,0.8413766026496887,-0.04227282918582205,280,0.015355071,0.18447265625,15.360311388969421,-17.526024967432022,0.0003,1.0429950952529907
245760,144.82,856,287,30,42.46242631,5.4124250411987305,0.2,0.8678687810897827,-0.04474603577255039,290,0.017095514,0.20150146484375,12.467616477608681,-17.544660806655884,0.0003,1.0447379350662231
253952,155.65,883,287,31,46.96883319999998,6.622432231903076,0.2,0.8493752479553223,-0.04538121623190818,300,0.016934004,0.2026123046875,13.89105566740036,-17.55171002149582,0.0003,1.0452073812484741
262144,175.32,907,288,32,56.634365800000005,7.057549476623535,0.2,0.8623854517936707,-0.044646066687710116,310,0.016214997,0.19456787109375,14.289264252781868,-17.561275011301042,0.0003,1.0458096265792847
270336,204.78,931,290,33,67.37804126,6.5758514404296875,0.2,0.8025360703468323,-0.045313474477734414,320,0.018251678,0.21011962890625,15.068582063913345,-17.550010514259338,0.0003,1.044127106666565
278528,224.71,954,291,34,76.75788143999999,5.863962650299072,0.2,0.8229944705963135,-0.04605174256466853,330,0.018152468,0.201171875,15.43414064347744,-17.526596343517305,0.0003,1.0421406030654907
286720,235.32,974,294,35,80.70192361000001,5.0064826011657715,0.2,0.8605402112007141,-0.04385905311501119,340,0.017327089,0.20606689453125,14.433951744437218,-17.513873171806335,0.0003,1.0409713983535767
294912,275.85,987,298,36,98.10870273,5.303601264953613,0.2,0.8562080264091492,-0.04557123606064124,350,0.018381933,0.2163330078125,12.992972567677498,-17.508274734020233,0.0003,1.0419319868087769
303104,294.28,1001,302,37,107.29812847,5.69127082824707,0.2,0.8380281329154968,-0.04530503069690894,360,0.020002715,0.22430419921875,11.57779632806778,-17.513326102495192,0.0003,1.0415118932724
311296,313.08,1015,306,38,116.94513611,4.520251750946045,0.2,0.8735995888710022,-0.04695888421993004,370,0.019354537,0.23187255859375,12.217479793727398,-17.51194697022438,0.0003,1.0417128801345825
319488,323.49,1029,310,39,122.29584117,6.870338439941406,0.2,0.8831744194030762,-0.044898304475646,380,0.018354531,0.21927490234375,13.399298629164695,-17.526250648498536,0.0003,1.0431519746780396
327680,350.69,1041,314,40,132.68692842000002,4.323259353637695,0.2,0.8545621633529663,-0.04551226237526862,390,0.019065797,0.22578125,12.59170329272747,-17.526233768463136,0.0003,1.0426357984542847
335872,377.79,1053,318,41,145.27096572,3.212003707885742,0.2,0.8191496729850769,-0.04753826347332506,400,0.025317788,0.28304443359375,7.974639144539833,-17.54836866259575,0.0003,1.0444412231445312
344064,413.41,1066,322,42,162.02733049,1.5837180614471436,0.2,0.8370447158813477,-0.04693438544054516,410,0.02209558,0.26829833984375,7.274599858373404,-17.52841780781746,0.0003,1.0428709983825684
352256,448.6,1079,326,43,176.10463865000003,4.847378730773926,0.2,0.8483518362045288,-0.041779384462279266,420,0.017980538,0.221435546875,12.152346666157246,-17.55811031460762,0.0003,1.0465847253799438
360448,505.48,1091,330,44,200.90520473,4.122461318969727,0.2,0.8497881889343262,-0.04333962015953148,430,0.020220846,0.226904296875,10.094715751707554,-17.58892077803612,0.0003,1.0496026277542114
368640,543.76,1103,333,45,218.31631311,3.740226984024048,0.2,0.7574678659439087,-0.04283760516918846,440,0.025597135,0.2680908203125,7.985664461553097,-17.625467950105666,0.0003,1.0531851053237915
376832,585.17,1116,337,46,237.83336004,2.222675085067749,0.2,0.8143565654754639,-0.043950336641137254,450,0.021550287,0.26468505859375,7.150707598775625,-17.652239668369294,0.0003,1.0543028116226196
385024,623.28,1128,341,47,257.65769005000004,1.790926218032837,0.2,0.8328595757484436,-0.04761285321656032,460,0.031196792,0.338037109375,4.307766987383365,-17.689182966947556,0.0003,1.0576465129852295
393216,640.54,1140,344,48,268.21154504,1.6720460653305054,0.2,0.8053040504455566,-0.04150875643681502,470,0.02458043,0.28936767578125,4.996563552320003,-17.724908673763274,0.0003,1.0607306957244873
401408,665.55,1153,348,49,282.73423284000006,2.2623095512390137,0.2,0.8453826308250427,-0.03990420734880899,480,0.020355381,0.240625,4.817207835614681,-17.751626282930374,0.0003,1.062520146369934
409600,695.77,1165,351,50,299.26723769,1.603365421295166,0.2,0.8428215980529785,-0.04290753689710982,490,0.029064527,0.3174560546875,3.916459960490465,-17.78135793209076,0.0003,1.0664297342300415
417792,736.36,1177,354,51,319.76906884000005,1.1589006185531616,0.2,0.7654672265052795,-0.039327285876788666,500,0.025128298,0.29432373046875,4.486592572554946,-17.805184030532835,0.0003,1.0683563947677612
425984,757.92,1189,357,52,332.56980254,1.8323651552200317,0.2,0.795421302318573,-0.043294429624802434,510,0.027874986,0.30704345703125,3.8799627095460893,-17.84534313082695,0.0003,1.0727277994155884
434176,785.06,1202,361,53,348.8719652800001,2.3855581283569336,0.2,0.7901686429977417,-0.035465398936139536,520,0.016542502,0.18690185546875,7.031070233881474,-17.866731226444244,0.0003,1.0728093385696411
442368,770.68,1214,364,54,346.82566589000004,1.8723734617233276,0.2,0.7804991602897644,-0.040064022307342385,530,0.021564687,0.2359619140625,5.088007882982493,-17.87543653845787,0.0003,1.0736346244812012
450560,780.28,1227,367,55,354.5612769,1.5223432779312134,0.2,0.8361395001411438,-0.03888116313028149,540,0.020325582,0.2351806640625,4.910854537039995,-17.897522085905074,0.0003,1.0773860216140747
458752,778.73,1239,370,56,356.68638381,0.8646612763404846,0.2,0.7380249500274658,-0.038107950317498765,550,0.029651873,0.27740478515625,4.44746959656477,-17.939253854751588,0.0003,1.081351399421692
466944,785.51,1251,373,57,361.83421761000005,1.1111412048339844,0.2,0.8356692790985107,-0.03920739931163553,560,0.022871498,0.2772705078125,3.149495232105255,-17.991408795118332,0.0003,1.0853205919265747
475136,792.2,1265,375,58,367.2707538399999,0.8666006326675415,0.2,0.8410294055938721,-0.03968358959100442,570,0.029689834,0.32955322265625,2.9234077002853156,-18.02360182404518,0.0003,1.0871461629867554
483328,780.03,1278,377,59,363.81543261999997,1.2311912775039673,0.2,0.8009381294250488,-0.033319056271284356,580,0.02055791,0.23209228515625,4.096598621830344,-18.054333865642548,0.0003,1.091483473777771
491520,799.15,1291,380,60,374.31798650999997,1.380281925201416,0.2,0.7963908910751343,-0.034882808386464605,590,0.018345673,0.21689453125,4.292812610045075,-18.090917259454727,0.0003,1.09419584274292
499712,779.45,1304,383,61,367.2046328599999,1.113348126411438,0.2,0.7217857837677002,-0.04150986745225964,600,0.035661362,0.3697509765625,2.2561358008533716,-18.114147847890855,0.0003,1.0960463285446167
507904,783.66,1316,385,62,370.3981090699999,2.2932229042053223,0.2,0.867987871170044,-0.033275494030385745,610,0.013594705,0.173779296875,6.6414914727211,-18.133456164598464,0.0003,1.098401665687561
516096,800.05,1329,388,63,380.3183846700001,0.8800960779190063,0.2,0.7327926158905029,-0.04091436075468664,620,0.023932306,0.25906982421875,3.6216229617595674,-18.162560153007508,0.0003,1.100130558013916
524288,804.11,1342,390,64,383.7566631700001,0.41052329540252686,0.2,0.6335570812225342,-0.042732260837510694,630,0.04114516,0.3875,1.6802578020840884,-18.213395369052886,0.0003,1.1057933568954468
532480,781.22,1355,392,65,374.86127935,1.0756720304489136,0.2,0.8410905599594116,-0.03576034396683099,640,0.018729037,0.22374267578125,3.3143043644726276,-18.25471380352974,0.0003,1.1095720529556274
540672,778.72,1368,395,66,375.19120321,1.2894893884658813,0.2,0.8692951202392578,-0.031104858900653197,650,0.012203725,0.1576416015625,6.541274721175432,-18.291107815504073,0.0003,1.1131151914596558
548864,764.21,1381,397,67,370.74136002000006,0.8302211761474609,0.2,0.7202938795089722,-0.030478525620128493,660,0.019694993,0.193359375,4.149893225729466,-18.32971755862236,0.0003,1.1165136098861694
557056,782.31,1394,399,68,382.2871472499999,1.3955427408218384,0.2,0.848824143409729,-0.03137194095470477,670,0.012985166,0.16387939453125,6.094117753207684,-18.348856854438782,0.0003,1.117830514907837
565248,775.39,1406,401,69,380.58069775999996,0.5388019680976868,0.2,0.2447604537010193,-0.05519313510740176,680,0.047519475,0.4395751953125,1.8264787804335356,-18.404716593027114,0.0003,1.1233645677566528
573440,766.1,1419,404,70,378.2493807700001,2.3670284748077393,0.2,0.8166776299476624,-0.030287357811903347,690,0.012710249,0.1586181640625,4.6395299345254895,-18.43663135766983,0.0003,1.1269882917404175
581632,775.8,1432,406,71,385.33472948,2.7500364780426025,0.2,0.8262897729873657,-0.032040981322643346,700,0.012840379,0.14652099609375,4.89853090569377,-18.472732758522035,0.0003,1.1301815509796143
589824,744.46,1445,407,72,372.90582949000003,1.442569375038147,0.2,0.8630055785179138,-0.031258701397746336,710,0.011898086,0.14044189453125,6.687522592395544,-18.49730575680733,0.0003,1.1320229768753052
598016,743.08,1458,409,73,374.1491311199999,4.519213676452637,0.2,0.8581870198249817,-0.03058810405564145,720,0.012379125,0.14617919921875,6.432875962555409,-18.526959258317948,0.0003,1.135124683380127
606208,762.61,1471,412,74,386.88027465,1.2062253952026367,0.2,0.8741761445999146,-0.03368185981307761,730,0.01274897,0.1613037109375,5.880702473968268,-18.54311153292656,0.0003,1.1349120140075684
614400,756.85,1484,413,75,387.71450690999995,0.513877809047699,0.2,0.13689905405044556,-0.05269055540265981,740,0.04547602,0.43746337890625,1.5289364606142044,-18.57047128677368,0.0003,1.1391855478286743
622592,748.55,1497,415,76,385.73200047000006,1.4753673076629639,0.2,0.8769119381904602,-0.026910252487869,750,0.011102143,0.16607666015625,5.8472068682312965,-18.598175424337388,0.0003,1.1418768167495728
630784,743.41,1510,417,77,384.63811511000006,2.216158866882324,0.2,0.88542240858078,-0.03027871523445356,760,0.011365797,0.14085693359375,7.620189952850342,-18.62056509256363,0.0003,1.1434649229049683
638976,753.47,1522,419,78,391.7019375800001,2.6263999938964844,0.2,0.8736635446548462,-0.03471255916083464,770,0.013980109,0.16160888671875,5.764152117073536,-18.641678404808044,0.0003,1.1458100080490112
647168,752.15,1535,421,79,392.65427043999995,0.9337379932403564,0.2,0.874868631362915,-0.04030263054155512,780,0.023939881,0.2653076171875,3.0062963400036096,-18.677395522594452,0.0003,1.1488105058670044
655360,747.97,1548,423,80,393.04586453,0.6395411491394043,0.2,0.8550058603286743,-0.03499292314227205,790,0.022094637,0.234912109375,3.561256489157677,-18.70935627222061,0.0003,1.1519120931625366
663552,742.93,1561,424,81,391.43235133,3.0810587406158447,0.2,0.872174084186554,-0.03017683785947156,800,0.010860071,0.13675537109375,11.841151835024357,-18.72267211675644,0.0003,1.1537971496582031
671744,770.6,1573,426,82,407.57328998,2.9837629795074463,0.2,0.8292855024337769,-0.03557279590422695,810,0.01512304,0.170654296875,6.763920845836401,-18.753011310100554,0.0003,1.1567391157150269
679936,771.83,1586,428,83,409.82746640000005,0.9371178150177002,0.2,0.8567056059837341,-0.036172035468916876,820,0.018611724,0.2078369140625,5.018520744144917,-18.779362589120865,0.0003,1.1595851182937622
688128,776.72,1598,430,84,412.8291345500001,1.7750214338302612,0.2,0.8042020797729492,-0.03495504240418086,830,0.030590177,0.30546875,4.045648709312081,-18.8309987783432,0.0003,1.1660630702972412
696320,791.08,1611,432,85,422.0601412200001,0.9333064556121826,0.2,0.7258175611495972,-0.03481281254134956,840,0.026573522,0.27967529296875,3.6747112791985272,-18.90443153977394,0.0003,1.1720309257507324
704512,789.68,1624,433,86,424.3749741500001,1.2461318969726562,0.2,0.8329083323478699,-0.03874110561591806,850,0.028402053,0.30772705078125,3.069013234972954,-18.951254987716673,0.0003,1.176024079322815
712704,785.38,1637,435,87,424.0179356500001,1.6921306848526,0.2,0.852481484413147,-0.031355999378138225,860,0.014667781,0.17935791015625,5.680219975113869,-18.97784295082092,0.0003,1.1784509420394897
720896,731.86,1650,436,88,397.06040573999996,1.63228178024292,0.2,0.8930620551109314,-0.03617848585745378,870,0.017580979,0.2206787109375,5.239364904165268,-18.99795144200325,0.0003,1.180312156677246
729088,744.19,1663,438,89,404.50070225,5.851139545440674,0.2,0.8923938274383545,-0.033836345301824625,880,0.012670584,0.16494140625,10.874791238456964,-19.008433479070664,0.0003,1.1812125444412231
737280,761.2,1675,439,90,415.5457154899999,5.432736396789551,0.2,0.8733863830566406,-0.034339214378996986,890,0.014720313,0.18541259765625,10.246055153012275,-19.021894711256028,0.0003,1.1822575330734253
745472,741.2,1688,441,91,405.92584991,0.8675758242607117,0.2,0.7748250961303711,-0.037133994016767244,900,0.019986525,0.2321044921875,7.084584129601717,-19.040056443214418,0.0003,1.1835097074508667
753664,732.19,1701,442,92,401.95010225999994,7.090672969818115,0.2,0.8710846304893494,-0.03429994100370095,910,0.015854858,0.196240234375,10.589919584989548,-19.042746818065645,0.0003,1.1838277578353882
761856,737.3,1714,444,93,406.57150547,3.1072421073913574,0.2,0.8832100629806519,-0.03857495744014159,920,0.022211421,0.28585205078125,6.411079988628626,-19.059252965450288,0.0003,1.1869369745254517
770048,730.09,1727,445,94,404.47782288999997,1.1443212032318115,0.2,0.8941376805305481,-0.04001894382381579,930,0.038020156,0.378564453125,3.509841953963041,-19.115548902750014,0.0003,1.194193959236145
778240,734.75,1739,447,95,407.7005438099999,2.530519723892212,0.2,0.8477586507797241,-0.03427843577810563,940,0.016162401,0.19349365234375,8.896027383953333,-19.169403874874114,0.0003,1.1972371339797974
786432,753.62,1752,448,96,420.5092984,1.6002925634384155,0.2,0.8724960088729858,-0.03667459969365154,950,0.019900288,0.2255615234375,5.970619712769985,-19.18551985025406,0.0003,1.198867917060852
794624,785.37,1764,450,97,439.53480423,1.616113305091858,0.2,0.7694289088249207,-0.03347028485804913,960,0.032935772,0.33941650390625,5.682658881321549,-19.197210609912872,0.0003,1.1987251043319702
802816,817.2,1777,451,98,459.95887581000005,0.3695029020309448,0.2,0.7721629738807678,-0.0350756998093857,970,0.048335783,0.464599609375,2.0090448174625637,-19.212334084510804,0.0003,1.201087236404419
811008,809.73,1789,453,99,457.7873734600001,0.6450387239456177,0.2,0.8580945730209351,-0.03211986132300808,980,0.019582927,0.23558349609375,5.074532358720899,-19.244445949792862,0.0003,1.2049607038497925
819200,797.2,1803,454,100,452.66582829000015,3.2323532104492188,0.2,0.8869901299476624,-0.032424064296355935,990,0.0141036725,0.15418701171875,7.730217830836773,-19.253688257932662,0.0003,1.2043341398239136
827392,804.74,1815,455,101,459.2100785100001,3.2645437717437744,0.2,0.8969880938529968,-0.03150320340137114,1000,0.012920261,0.1488037109375,8.136786980181933,-19.270974904298782,0.0003,1.2082544565200806
835584,782.27,1828,456,102,447.82347555000007,1.7172834873199463,0.2,0.9197080135345459,-0.03830531285784673,1010,0.023657588,0.24986572265625,4.590381667390465,-19.29699862599373,0.0003,1.209172248840332
843776,794.06,1841,458,103,457.24966082000014,5.52028226852417,0.2,0.9008802771568298,-0.033007189122145064,1020,0.01302437,0.1684814453125,9.663914676755667,-19.29853982925415,0.0003,1.2096878290176392
851968,789.75,1854,459,104,456.6960687500001,3.7975521087646484,0.2,0.8740964531898499,-0.034241018062311925,1030,0.015753698,0.18377685546875,8.538641210645437,-19.302749109268188,0.0003,1.2094155550003052
860160,764.11,1866,460,105,442.4915047799999,4.706425189971924,0.2,0.8498196601867676,-0.0354902290062455,1040,0.015475634,0.17818603515625,10.096254541724921,-19.30155222415924,0.0003,1.2097631692886353
868352,747.26,1879,462,106,434.22738001,6.072159767150879,0.2,0.8906904458999634,-0.03695687487415853,1050,0.017168349,0.197216796875,9.525818634778261,-19.334623861312867,0.0003,1.2146960496902466
876544,742.87,1891,463,107,431.24131533,4.140685081481934,0.2,0.8585881590843201,-0.037701317382743585,1060,0.019219117,0.22279052734375,9.108314192295074,-19.35991051197052,0.0003,1.2167274951934814
884736,745.02,1904,464,108,434.77663928000004,3.2452340126037598,0.2,0.8714637756347656,-0.03958905643085018,1070,0.028645754,0.30977783203125,5.773853474482894,-19.391010493040085,0.0003,1.2195379734039307
892928,765.18,1917,465,109,448.6964808300001,1.8699822425842285,0.2,0.8503404855728149,-0.037858490154030734,1080,0.0224002,0.27869873046875,6.376380169391632,-19.40876716375351,0.0003,1.2222479581832886
901120,789.55,1930,466,110,464.17383645999996,2.3554391860961914,0.2,0.9049475789070129,-0.04182343089923961,1090,0.02718655,0.29488525390625,4.71018266864121,-19.456821209192277,0.0003,1.2258381843566895
909312,783.42,1943,467,111,462.38246441,0.5975680947303772,0.2,0.7453145384788513,-0.041121803702480975,1100,0.056302004,0.4736328125,2.536348683387041,-19.47755293250084,0.0003,1.2287755012512207
917504,793.95,1955,469,112,470.5629785899999,0.8402284383773804,0.2,0.9237310886383057,-0.03833712682608166,1110,0.020500353,0.2409423828125,3.8981738574802876,-19.487942177057267,0.0003,1.2286715507507324
925696,789.21,1967,470,113,468.39009604000006,2.138174057006836,0.2,0.9169376492500305,-0.03439744797506137,1120,0.024932366,0.26614990234375,4.697261440381408,-19.503324389457703,0.0003,1.2313553094863892
933888,797.0,1980,471,114,474.92472796000004,0.6286171674728394,0.2,0.7467752695083618,-0.03333216453866043,1130,0.02609217,0.281787109375,3.5739500153809787,-19.54900593161583,0.0003,1.2366422414779663
942080,820.3,1993,472,115,490.22335698999996,3.134342670440674,0.2,0.8755550384521484,-0.034671178633288946,1140,0.01630842,0.1846923828125,7.564028590917587,-19.570860755443572,0.0003,1.2379709482192993
950272,821.44,2006,473,116,492.96196577999996,0.8751251101493835,0.2,0.8487209677696228,-0.03726335080500576,1150,0.028198622,0.28118896484375,3.50210793428123,-19.590172839164733,0.0003,1.2394062280654907
958464,818.3,2019,474,117,494.3341923700001,3.7047152519226074,0.2,0.8491795659065247,-0.031003877637704135,1160,0.024131289,0.25841064453125,7.148529696464538,-19.611950314044954,0.0003,1.2414966821670532
966656,821.94,2031,475,118,497.37238328,2.134523868560791,0.2,0.8876252174377441,-0.03398478824092308,1170,0.03265673,0.34881591796875,4.311919482797384,-19.643765300512314,0.0003,1.2458219528198242
974848,834.7,2044,476,119,506.98467572000004,2.216510534286499,0.2,0.8385390043258667,-0.02733291603726684,1180,0.032569125,0.30701904296875,5.140689764544367,-19.693094712495803,0.0003,1.2527066469192505
983040,823.51,2056,477,120,501.37964844000004,0.600230872631073,0.2,0.8458386659622192,-0.03530186111529474,1190,0.05868034,0.49091796875,1.9729532768949867,-19.793988782167435,0.0003,1.2615842819213867
991232,823.12,2069,479,121,502.5973362900001,1.4716026782989502,0.2,0.8579702973365784,-0.02856458842434222,1200,0.015247276,0.1851318359375,7.585497004538775,-19.81970277428627,0.0003,1.2643767595291138
999424,834.09,2081,480,122,510.515071,0.7740201950073242,0.2,0.8561086654663086,-0.03276537061319686,1210,0.019577105,0.23145751953125,4.06072297655046,-19.848015755414963,0.0003,1.2685309648513794
1007616,831.6,2094,481,123,510.11982742999993,1.7677557468414307,0.2,0.897124171257019,-0.03118237977978424,1220,0.017903697,0.18070068359375,4.2341910596936945,-19.887726294994355,0.0003,1.2721627950668335
1015808,805.38,2107,481,124,494.60026116000006,1.5566706657409668,0.2,0.8620055913925171,-0.031950351720297476,1230,0.017963104,0.21356201171875,4.871060256659985,-19.913972252607344,0.0003,1.2739192247390747
1024000,799.68,2120,482,125,491.75004587999996,3.3682520389556885,0.2,0.8843532204627991,-0.03182516833039699,1240,0.013293987,0.163525390625,9.51292394772172,-19.935075485706328,0.0003,1.2764885425567627
1032192,802.8,2133,483,126,494.265968,1.3107362985610962,0.2,0.8532487154006958,-0.03305427017476177,1250,0.021814026,0.2341064453125,4.890921836718917,-19.964795231819153,0.0003,1.2800394296646118
1040384,788.85,2146,484,127,485.94842478999993,1.278782844543457,0.2,0.905852198600769,-0.03415130652138032,1260,0.019594029,0.244091796875,5.919402404129505,-19.999209982156753,0.0003,1.2833222150802612
1048576,789.24,2159,485,128,487.26120853,0.6953526139259338,0.2,0.850555956363678,-0.03550133266253397,1270,0.032752637,0.31409912109375,4.655894188210368,-20.04556298851967,0.0003,1.2890387773513794
1056768,771.5,2171,486,129,476.40095708,1.8670843839645386,0.2,0.8756163120269775,-0.030667597784122334,1280,0.030229691,0.3355712890625,3.877252929657698,-20.13520078063011,0.0003,1.3006267547607422
1064960,766.01,2184,487,130,473.31903596000006,3.620675563812256,0.2,0.8973620533943176,-0.034507314432266865,1290,0.01723608,0.22254638671875,7.662252950668335,-20.20929647088051,0.0003,1.3060239553451538
1073152,739.77,2197,488,131,456.72945734,2.447197198867798,0.2,0.9093652367591858,-0.035046393667289524,1300,0.021516316,0.26070556640625,6.393652261421084,-20.23537496328354,0.0003,1.3092976808547974
1081344,739.53,2209,489,132,456.82499291000005,3.830392837524414,0.2,0.8676737546920776,-0.03235821806374588,1310,0.014305841,0.1845703125,13.069894775003196,-20.27608314752579,0.0003,1.3132966756820679
1089536,766.82,2222,490,133,473.8758615000001,1.3597813844680786,0.2,0.8735217452049255,-0.03492549994080037,1320,0.030368328,0.28165283203125,6.073334224149585,-20.315971273183823,0.0003,1.318658471107483
1097728,798.26,2234,491,134,494.17209377000006,0.6176745891571045,0.2,0.7819018363952637,-0.03485360062040854,1330,0.048597176,0.452197265625,3.2808203976601362,-20.398674565553666,0.0003,1.3288835287094116
1105920,808.53,2247,492,135,501.41991105,0.6773481369018555,0.2,0.7943567633628845,-0.0289381609607517,1340,0.044126403,0.3622314453125,2.6727844841778277,-20.469282871484758,0.0003,1.335951805114746
1114112,820.43,2261,492,136,509.5715250600001,0.008803129196166992,0.2,0.9208554029464722,-0.05255494340526638,1350,0.06306127,0.534130859375,0.8669032918289303,-20.54182516336441,0.0003,1.3411178588867188
1122304,837.44,2274,493,137,520.5676291200001,1.3734467029571533,0.2,0.8254926800727844,-0.021162534708128077,1360,0.010612839,0.183984375,4.113917931169271,-20.547366374731062,0.0003,1.342580795288086
1130496,830.74,2287,494,138,516.1832325500001,0.5304277539253235,0.2,0.7440710663795471,-0.02962635276853689,1370,0.017289799,0.17301025390625,3.077894730120897,-20.568386435508728,0.0003,1.345430850982666
1138688,853.25,2299,495,139,530.0784384299999,2.4418814182281494,0.2,0.8572909832000732,-0.02485006587667158,1380,0.010365038,0.11156005859375,5.843002796173096,-20.585754078626632,0.0003,1.3482240438461304
1146880,877.2,2312,495,140,546.56874782,1.9057869911193848,0.2,0.8512515425682068,-0.03145932225088473,1390,0.016301583,0.18555908203125,3.5518273591995237,-20.605842733383177,0.0003,1.3492226600646973
1155072,883.82,2324,496,141,551.0400882299999,0.07385286688804626,0.2,0.7678141593933105,-0.05223546576744411,1400,0.0500689,0.43670654296875,0.8813678245991469,-20.64866660833359,0.0003,1.3551850318908691
1163264,890.58,2337,497,142,556.32209266,1.946001410484314,0.2,0.8590632677078247,-0.021853547313367017,1410,0.010804665,0.1478759765625,4.01374843493104,-20.685501432418825,0.0003,1.3598886728286743
1171456,874.9,2349,498,143,546.8197824200001,0.942404568195343,0.2,0.8676807284355164,-0.023214453456239424,1420,0.014723416,0.1862548828125,5.04349025376141,-20.71981469988823,0.0003,1.3622756004333496
1179648,878.5,2362,499,144,549.36025691,1.6726341247558594,0.2,0.868929386138916,-0.024431604664277982,1430,0.011556421,0.1213623046875,6.957555168122053,-20.738208490610123,0.0003,1.3649462461471558
1187840,883.16,2374,500,145,554.09438442,0.4752156734466553,0.2,0.8916593790054321,-0.029314250727838952,1440,0.032752324,0.28197021484375,2.31568343937397,-20.77628509402275,0.0003,1.3711050748825073
1196032,883.16,2387,500,146,554.70335626,0.4681640863418579,0.2,0.7511313557624817,-0.029759509002178674,1450,0.030261673,0.30126953125,2.052822425030172,-20.813618969917297,0.0003,1.373826026916504
1204224,880.07,2400,501,147,552.87481746,0.1216823160648346,0.2,0.4923275113105774,-0.06054695770872058,1460,0.05568762,0.4898193359375,0.8479847880080342,-20.828665083646776,0.0003,1.3730573654174805
1212416,856.45,2413,502,148,536.9671490999999,1.184440016746521,0.2,0.8115932941436768,-0.021227898867073235,1470,0.011107528,0.128857421875,3.8470944955945017,-20.835222494602203,0.0003,1.3760910034179688
1220608,842.04,2425,503,149,528.65468425,2.501567840576172,0.2,0.8758240938186646,-0.020764526714629028,1480,0.008930638,0.0779296875,8.231979501992464,-20.85903201699257,0.0003,1.37891685962677
1228800,807.33,2438,503,150,505.73568342,7.787737846374512,0.2,0.8882067203521729,-0.026485693376889684,1490,0.011964843,0.1261962890625,6.484601913765073,-20.887100064754485,0.0003,1.3819007873535156
1236992,795.64,2450,504,151,498.53390991,8.21288013458252,0.2,0.8910566568374634,-0.022559982040547766,1500,0.008900664,0.08138427734375,11.757156020402908,-20.914022392034532,0.0003,1.38516104221344
1245184,801.2,2463,505,152,502.23748808,2.850325345993042,0.2,0.8243441581726074,-0.02438207494924427,1510,0.010567245,0.1095947265625,12.02723761498928,-20.94011659026146,0.0003,1.3875595331192017
1253376,803.1,2475,506,153,503.63277055000003,3.2361390590667725,0.2,0.804990291595459,-0.026504454983296455,1520,0.015667213,0.15418701171875,5.193627305701375,-20.961667549610137,0.0003,1.39090096950531
1261568,783.19,2488,506,154,490.43773118000007,3.241129159927368,0.2,0.826745867729187,-0.027598095277062383,1530,0.012508873,0.14678955078125,10.294976983964442,-20.993222790956498,0.0003,1.3943638801574707
1269760,763.1,2501,507,155,476.36760307,3.9809951782226562,0.2,0.8804023265838623,-0.027387269225437195,1540,0.013263292,0.13701171875,7.4988991353660825,-21.01735102534294,0.0003,1.397010326385498
1277952,754.93,2514,508,156,470.9267587500001,1.8910093307495117,0.2,0.8614383339881897,-0.03100292289018398,1550,0.014218665,0.1506591796875,8.273796032369138,-21.04668501019478,0.0003,1.4002999067306519
1286144,767.55,2526,509,157,478.96972218,5.257791996002197,0.2,0.8705964088439941,-0.030651135408697884,1560,0.016817873,0.196240234375,6.06334746144712,-21.057763409614562,0.0003,1.4010519981384277
1294336,786.91,2539,509,158,492.61416781,2.185488224029541,0.2,0.8331773281097412,-0.02881714395043673,1570,0.022918206,0.1919677734375,5.000178305059672,-21.07285903096199,0.0003,1.4024090766906738
1302528,803.45,2551,510,159,503.8131950199999,0.19198378920555115,0.2,0.8206993937492371,-0.029543843204010045,1580,0.069530055,0.48009033203125,1.8748916864395142,-21.127926629781722,0.0003,1.411221981048584
1310720,821.83,2564,511,160,516.7916517399999,0.07542866468429565,0.2,0.5346623659133911,-0.06055819691537181,1590,0.0569415,0.5037109375,0.8408270742744207,-21.18225144147873,0.0003,1.4154033660888672
1318912,842.97,2576,511,161,530.2008060000001,0.45496630668640137,0.2,0.8307409286499023,-0.026370902352937264,1600,0.023087364,0.26500244140625,1.8311259744688868,-21.215467584133147,0.0003,1.4211775064468384
1327104,840.22,2589,512,162,528.4488634,3.1415462493896484,0.2,0.8552721738815308,-0.024488057978305732,1610,0.0186807,0.221142578125,3.9993546107783913,-21.23829377293587,0.0003,1.4231958389282227
1335296,840.83,2601,513,163,529.18093451,0.9521471261978149,0.2,0.871017575263977,-0.023197262118628714,1620,0.0117326025,0.12049560546875,4.733011225983501,-21.258314168453218,0.0003,1.4249662160873413
1343488,841.55,2614,513,164,530.17946662,2.4839539527893066,0.2,0.878986656665802,-0.025100418484726106,1630,0.016495068,0.16121826171875,5.369423696026206,-21.275885516405104,0.0003,1.4268227815628052
1351680,871.17,2626,514,165,549.99860744,0.7835018038749695,0.2,0.8441644906997681,-0.024121259029925568,1640,0.02034918,0.20946044921875,3.8716943863779307,-21.286276853084566,0.0003,1.4281960725784302
1359872,879.27,2638,515,166,556.3869178900001,1.02347731590271,0.2,0.860098123550415,-0.028926857969054254,1650,0.02733405,0.27138671875,3.077769445627928,-21.30323991775513,0.0003,1.4303776025772095
1368064,897.1,2651,516,167,568.46862003,0.6485457420349121,0.2,0.7701129913330078,-0.03439007389824837,1660,0.034874424,0.3248779296875,1.6780104907229543,-21.327952432632447,0.0003,1.434080719947815
1376256,906.7,2663,516,168,576.00078498,0.15828962624073029,0.2,0.8126055002212524,-0.026652341741282726,1670,0.036126547,0.3729736328125,3.474546188674867,-21.373909330368043,0.0003,1.4394246339797974
1384448,904.43,2675,517,169,574.67146357,0.5326548218727112,0.2,0.856655478477478,-0.025182928693538997,1680,0.01488916,0.2025146484375,5.160635940730572,-21.400969272851945,0.0003,1.4426159858703613
1392640,903.56,2688,518,170,574.7668391999999,0.5435633659362793,0.2,0.835083544254303,-0.022489613368088614,1690,0.038344763,0.36556396484375,1.9515808511525392,-21.423475271463396,0.0003,1.4464470148086548
1400832,900.4,2700,518,171,572.8938660299999,0.15896478295326233,0.2,0.7323237657546997,-0.026609054294385714,1700,0.03045271,0.32518310546875,1.7854605969041586,-21.46291486620903,0.0003,1.4503556489944458
1409024,897.34,2713,519,172,570.88016839,1.8686654567718506,0.2,0.8891934156417847,-0.02301038777368376,1710,0.02065708,0.176025390625,4.276498712226749,-21.502748715877534,0.0003,1.4553394317626953
1417216,902.65,2725,519,173,574.60461554,0.777050793170929,0.2,0.8661981225013733,-0.023201816486835013,1720,0.030744089,0.23944091796875,3.549967779777944,-21.544543355703354,0.0003,1.460279107093811
1425408,918.87,2738,520,174,586.4406207999999,0.36479634046554565,0.2,0.8850575685501099,-0.029508606431045338,1730,0.043666985,0.3888916015625,1.445041379146278,-21.57624434232712,0.0003,1.4641231298446655
1433600,934.06,2751,521,175,597.1079576,0.011365950107574463,0.2,0.48205000162124634,-0.056120368503616194,1740,0.052629575,0.49442138671875,0.6938258206471801,-21.64646897315979,0.0003,1.4713044166564941
1441792,927.28,2763,521,176,593.6323067400001,-0.041449666023254395,0.2,0.3894382119178772,-0.06286749309074366,1750,0.04201837,0.41370849609375,0.7905262149870396,-21.681667965650558,0.0003,1.4756832122802734
1449984,933.39,2775,522,177,598.04281081,0.9548221826553345,0.2,0.8369914293289185,-0.01972619330699672,1760,0.015438413,0.21563720703125,3.334521182067692,-21.695627951622008,0.0003,1.4775699377059937
1458176,923.88,2788,522,178,591.9168689700001,0.7028176188468933,0.2,0.8068547248840332,-0.027797456344706005,1770,0.023103207,0.221875,3.420869589224458,-21.737069410085677,0.0003,1.4857276678085327
1466368,920.63,2800,523,179,590.32844201,0.7205197811126709,0.2,0.8029131889343262,-0.025005473137207447,1780,0.017469697,0.19122314453125,1.9729992363601923,-21.781911420822144,0.0003,1.489832878112793
1474560,909.04,2813,524,180,582.87472491,3.0459346771240234,0.2,0.8805121183395386,-0.020582958891463932,1790,0.010385741,0.09815673828125,5.06628401465714,-21.815753787755966,0.0003,1.4934049844741821
1482752,900.56,2826,524,181,577.06881882,0.514931321144104,0.2,0.8934669494628906,-0.022601184370432747,1800,0.010433625,0.13251953125,3.329553900100291,-21.842102926969527,0.0003,1.49650239944458
1490944,898.07,2838,525,182,575.7995293,4.472118377685547,0.2,0.8323698043823242,-0.019893459511513355,1810,0.009114437,0.0786376953125,7.315979114919901,-21.864712435007096,0.0003,1.4993127584457397
1499136,881.56,2851,525,183,565.56520973,2.235008478164673,0.2,0.7459524869918823,-0.022618746877560623,1820,0.012820417,0.1391845703125,6.521162001788616,-21.897121584415437,0.0003,1.5045180320739746
1507328,866.2,2863,526,184,555.46257491,4.6297607421875,0.2,0.8562266826629639,-0.022038172589236637,1830,0.009080688,0.083544921875,14.264180717617274,-21.928159004449846,0.0003,1.5071138143539429
