fault_type,severity,seed,baseline_vel,recovery_time_s,post_fault_distance_m,post_fault_steps_survived,fell
torque_limit,0.2,0,0.5564837480610468,0.016666666666666666,0.35463748653508315,70,True
torque_limit,0.2,1,0.5564837480610468,0.016666666666666666,1.021341109240585,113,True
torque_limit,0.2,2,0.5564837480610468,0.016666666666666666,0.35463748653508315,70,True
torque_limit,0.2,3,0.5564837480610468,0.016666666666666666,3.171752951218047,300,False
torque_limit,0.2,4,0.5564837480610468,0.016666666666666666,0.4337076529243598,62,True
torque_limit,0.2,5,0.5564837480610468,0.016666666666666666,0.4337076529243598,62,True
torque_limit,0.2,6,0.5564837480610468,0.016666666666666666,1.021341109240585,113,True
torque_limit,0.2,7,0.5564837480610468,0.05,0.6255993778792076,83,True
torque_limit,0.2,8,0.5564837480610468,0.016666666666666666,0.4337076529243598,62,True
torque_limit,0.2,9,0.5564837480610468,0.016666666666666666,1.021341109240585,113,True
torque_limit,0.2,10,0.5564837480610468,0.016666666666666666,3.171752951218047,300,False
torque_limit,0.2,11,0.5564837480610468,0.016666666666666666,2.694774842695919,300,False
torque_limit,0.2,12,0.5564837480610468,0.016666666666666666,0.5414642144415195,61,True
torque_limit,0.2,13,0.5564837480610468,0.016666666666666666,0.35463748653508315,70,True
torque_limit,0.2,14,0.5564837480610468,0.016666666666666666,2.694774842695919,300,False
torque_limit,0.2,15,0.5564837480610468,0.05,0.6255993778792076,83,True
torque_limit,0.2,16,0.5564837480610468,0.016666666666666666,2.7516576562984025,300,False
torque_limit,0.2,17,0.5564837480610468,0.016666666666666666,0.4337076529243598,62,True
torque_limit,0.2,18,0.5564837480610468,0.016666666666666666,0.35463748653508315,70,True
torque_limit,0.2,19,0.5564837480610468,0.016666666666666666,0.5414642144415195,61,True
torque_limit,0.2,20,0.5564837480610468,0.016666666666666666,0.35463748653508315,70,True
torque_limit,0.2,21,0.5564837480610468,0.016666666666666666,2.467459894743497,300,False
torque_limit,0.2,22,0.5564837480610468,0.016666666666666666,3.171752951218047,300,False
torque_limit,0.2,23,0.5564837480610468,0.016666666666666666,2.357139464221714,300,False
torque_limit,0.2,24,0.5564837480610468,0.016666666666666666,2.5838604021233795,300,False
torque_limit,0.2,25,0.5564837480610468,0.016666666666666666,2.7516576562984025,300,False
torque_limit,0.2,26,0.5564837480610468,0.016666666666666666,0.35463748653508315,70,True
torque_limit,0.2,27,0.5564837480610468,0.016666666666666666,2.357139464221714,300,False
torque_limit,0.2,28,0.5564837480610468,0.016666666666666666,0.5414642144415195,61,True
torque_limit,0.2,29,0.5564837480610468,0.05,0.6255993778792076,83,True
torque_limit,0.2,30,0.5564837480610468,0.016666666666666666,2.694774842695919,300,False
torque_limit,0.2,31,0.5564837480610468,0.016666666666666666,2.7516576562984025,300,False
torque_limit,0.2,32,0.5564837480610468,0.016666666666666666,0.35463748653508315,70,True
torque_limit,0.2,33,0.5564837480610468,0.016666666666666666,0.35463748653508315,70,True
torque_limit,0.2,34,0.5564837480610468,0.016666666666666666,2.357139464221714,300,False
torque_limit,0.2,35,0.5564837480610468,0.016666666666666666,2.694774842695919,300,False
torque_limit,0.2,36,0.5564837480610468,0.016666666666666666,2.5838604021233795,300,False
torque_limit,0.2,37,0.5564837480610468,0.016666666666666666,2.694774842695919,300,False
torque_limit,0.2,38,0.5564837480610468,0.03333333333333333,1.08629254801602,177,True
torque_limit,0.2,39,0.5564837480610468,0.05,0.6255993778792076,83,True
torque_limit,0.2,40,0.5564837480610468,0.016666666666666666,2.7516576562984025,300,False
torque_limit,0.2,41,0.5564837480610468,0.016666666666666666,0.5414642144415195,61,True
torque_limit,0.2,42,0.5564837480610468,0.016666666666666666,2.694774842695919,300,False
torque_limit,0.2,43,0.5564837480610468,0.016666666666666666,2.7516576562984025,300,False
torque_limit,0.2,44,0.5564837480610468,0.016666666666666666,0.4337076529243598,62,True
torque_limit,0.2,45,0.5564837480610468,0.05,0.6255993778792076,83,True
torque_limit,0.2,46,0.5564837480610468,0.016666666666666666,2.7516576562984025,300,False
torque_limit,0.2,47,0.5564837480610468,0.016666666666666666,2.694774842695919,300,False
torque_limit,0.2,48,0.5564837480610468,0.016666666666666666,2.694774842695919,300,False
torque_limit,0.2,49,0.5564837480610468,0.016666666666666666,2.357139464221714,300,False
torque_limit,0.2,50,0.5564837480610468,0.016666666666666666,3.171752951218047,300,False
torque_limit,0.2,51,0.5564837480610468,0.016666666666666666,2.5838604021233795,300,False
torque_limit,0.2,52,0.5564837480610468,0.05,0.6255993778792076,83,True
torque_limit,0.2,53,0.5564837480610468,0.016666666666666666,3.171752951218047,300,False
torque_limit,0.2,54,0.5564837480610468,0.016666666666666666,2.467459894743497,300,False
torque_limit,0.2,55,0.5564837480610468,0.05,0.6255993778792076,83,True
torque_limit,0.2,56,0.5564837480610468,0.016666666666666666,2.5838604021233795,300,False
torque_limit,0.2,57,0.5564837480610468,0.016666666666666666,2.357139464221714,300,False
torque_limit,0.2,58,0.5564837480610468,0.016666666666666666,2.7516576562984025,300,False
torque_limit,0.2,59,0.5564837480610468,0.016666666666666666,3.171752951218047,300,False
torque_limit,0.2,60,0.5564837480610468,0.03333333333333333,1.08629254801602,177,True
torque_limit,0.2,61,0.5564837480610468,0.016666666666666666,1.021341109240585,113,True
torque_limit,0.2,62,0.5564837480610468,0.016666666666666666,1.021341109240585,113,True
torque_limit,0.2,63,0.5564837480610468,0.016666666666666666,1.021341109240585,113,True
torque_limit,0.2,64,0.5564837480610468,0.016666666666666666,2.7516576562984025,300,False
torque_limit,0.2,65,0.5564837480610468,0.03333333333333333,1.08629254801602,177,True
torque_limit,0.2,66,0.5564837480610468,0.05,0.6255993778792076,83,True
torque_limit,0.2,67,0.5564837480610468,0.016666666666666666,3.171752951218047,300,False
torque_limit,0.2,68,0.5564837480610468,0.016666666666666666,1.021341109240585,113,True
torque_limit,0.2,69,0.5564837480610468,0.016666666666666666,2.357139464221714,300,False
torque_limit,0.2,70,0.5564837480610468,0.016666666666666666,0.5414642144415195,61,True
torque_limit,0.2,71,0.5564837480610468,0.05,0.6255993778792076,83,True
torque_limit,0.2,72,0.5564837480610468,0.05,0.6255993778792076,83,True
torque_limit,0.2,73,0.5564837480610468,0.016666666666666666,3.171752951218047,300,False
torque_limit,0.2,74,0.5564837480610468,0.03333333333333333,1.08629254801602,177,True
torque_limit,0.2,75,0.5564837480610468,0.016666666666666666,0.5414642144415195,61,True
torque_limit,0.2,76,0.5564837480610468,0.016666666666666666,2.7516576562984025,300,False
torque_limit,0.2,77,0.5564837480610468,0.016666666666666666,2.357139464221714,300,False
torque_limit,0.2,78,0.5564837480610468,0.016666666666666666,0.4337076529243598,62,True
torque_limit,0.2,79,0.5564837480610468,0.016666666666666666,2.694774842695919,300,False
torque_limit,0.2,80,0.5564837480610468,0.016666666666666666,0.35463748653508315,70,True
torque_limit,0.2,81,0.5564837480610468,0.016666666666666666,2.357139464221714,300,False
torque_limit,0.2,82,0.5564837480610468,0.016666666666666666,0.4337076529243598,62,True
torque_limit,0.2,83,0.5564837480610468,0.016666666666666666,0.4337076529243598,62,True
torque_limit,0.2,84,0.5564837480610468,0.016666666666666666,0.5414642144415195,61,True
torque_limit,0.2,85,0.5564837480610468,0.016666666666666666,0.4337076529243598,62,True
torque_limit,0.2,86,0.5564837480610468,0.05,0.6255993778792076,83,True
torque_limit,0.2,87,0.5564837480610468,0.016666666666666666,0.5414642144415195,61,True
torque_limit,0.2,88,0.5564837480610468,0.016666666666666666,2.7516576562984025,300,False
torque_limit,0.2,89,0.5564837480610468,0.016666666666666666,0.35463748653508315,70,True
torque_limit,0.2,90,0.5564837480610468,0.016666666666666666,0.5414642144415195,61,True
torque_limit,0.2,91,0.5564837480610468,0.016666666666666666,0.4337076529243598,62,True
torque_limit,0.2,92,0.5564837480610468,0.016666666666666666,1.021341109240585,113,True
torque_limit,0.2,93,0.5564837480610468,0.05,0.6255993778792076,83,True
torque_limit,0.2,94,0.5564837480610468,0.016666666666666666,2.357139464221714,300,False
torque_limit,0.2,95,0.5564837480610468,0.016666666666666666,1.021341109240585,113,True
torque_limit,0.2,96,0.5564837480610468,0.016666666666666666,3.171752951218047,300,False
torque_limit,0.2,97,0.5564837480610468,0.016666666666666666,2.694774842695919,300,False
torque_limit,0.2,98,0.5564837480610468,0.016666666666666666,2.5838604021233795,300,False
torque_limit,0.2,99,0.5564837480610468,0.05,0.6255993778792076,83,True
joint_lock,1.0,0,0.5564837480610468,0.23333333333333334,1.7947975845615827,300,False
joint_lock,1.0,1,0.5564837480610468,0.016666666666666666,3.2271294594360977,300,False
joint_lock,1.0,2,0.5564837480610468,0.23333333333333334,1.7947975845615827,300,False
joint_lock,1.0,3,0.5564837480610468,0.016666666666666666,2.471313187241777,300,False
joint_lock,1.0,4,0.5564837480610468,0.016666666666666666,1.1100279073568935,300,False
joint_lock,1.0,5,0.5564837480610468,0.016666666666666666,1.1100279073568935,300,False
joint_lock,1.0,6,0.5564837480610468,0.016666666666666666,3.2271294594360977,300,False
joint_lock,1.0,7,0.5564837480610468,0.03333333333333333,1.2238562120023642,300,False
joint_lock,1.0,8,0.5564837480610468,0.016666666666666666,1.1100279073568935,300,False
joint_lock,1.0,9,0.5564837480610468,0.016666666666666666,3.2271294594360977,300,False
joint_lock,1.0,10,0.5564837480610468,0.016666666666666666,2.471313187241777,300,False
joint_lock,1.0,11,0.5564837480610468,0.016666666666666666,3.184616397808951,300,False
joint_lock,1.0,12,0.5564837480610468,0.016666666666666666,1.8724248804869463,300,False
joint_lock,1.0,13,0.5564837480610468,0.23333333333333334,1.7947975845615827,300,False
joint_lock,1.0,14,0.5564837480610468,0.016666666666666666,3.184616397808951,300,False
joint_lock,1.0,15,0.5564837480610468,0.03333333333333333,1.2238562120023642,300,False
joint_lock,1.0,16,0.5564837480610468,0.016666666666666666,2.375621327253195,300,False
joint_lock,1.0,17,0.5564837480610468,0.016666666666666666,1.1100279073568935,300,False
joint_lock,1.0,18,0.5564837480610468,0.23333333333333334,1.7947975845615827,300,False
joint_lock,1.0,19,0.5564837480610468,0.016666666666666666,1.8724248804869463,300,False
joint_lock,1.0,20,0.5564837480610468,0.23333333333333334,1.7947975845615827,300,False
joint_lock,1.0,21,0.5564837480610468,0.016666666666666666,2.9094106594070106,300,False
joint_lock,1.0,22,0.5564837480610468,0.016666666666666666,2.471313187241777,300,False
joint_lock,1.0,23,0.5564837480610468,0.016666666666666666,2.6657289815595857,300,False
joint_lock,1.0,24,0.5564837480610468,0.016666666666666666,2.931187934393867,300,False
joint_lock,1.0,25,0.5564837480610468,0.016666666666666666,2.375621327253195,300,False
joint_lock,1.0,26,0.5564837480610468,0.23333333333333334,1.7947975845615827,300,False
joint_lock,1.0,27,0.5564837480610468,0.016666666666666666,2.6657289815595857,300,False
joint_lock,1.0,28,0.5564837480610468,0.016666666666666666,1.8724248804869463,300,False
joint_lock,1.0,29,0.5564837480610468,0.03333333333333333,1.2238562120023642,300,False
joint_lock,1.0,30,0.5564837480610468,0.016666666666666666,3.184616397808951,300,False
joint_lock,1.0,31,0.5564837480610468,0.016666666666666666,2.375621327253195,300,False
joint_lock,1.0,32,0.5564837480610468,0.23333333333333334,1.7947975845615827,300,False
joint_lock,1.0,33,0.5564837480610468,0.23333333333333334,1.7947975845615827,300,False
joint_lock,1.0,34,0.5564837480610468,0.016666666666666666,2.6657289815595857,300,False
joint_lock,1.0,35,0.5564837480610468,0.016666666666666666,3.184616397808951,300,False
joint_lock,1.0,36,0.5564837480610468,0.016666666666666666,2.931187934393867,300,False
joint_lock,1.0,37,0.5564837480610468,0.016666666666666666,3.184616397808951,300,False
joint_lock,1.0,38,0.5564837480610468,0.016666666666666666,2.263370402288842,300,False
joint_lock,1.0,39,0.5564837480610468,0.03333333333333333,1.2238562120023642,300,False
joint_lock,1.0,40,0.5564837480610468,0.016666666666666666,2.375621327253195,300,False
joint_lock,1.0,41,0.5564837480610468,0.016666666666666666,1.8724248804869463,300,False
joint_lock,1.0,42,0.5564837480610468,0.016666666666666666,3.184616397808951,300,False
joint_lock,1.0,43,0.5564837480610468,0.016666666666666666,2.375621327253195,300,False
joint_lock,1.0,44,0.5564837480610468,0.016666666666666666,1.1100279073568935,300,False
joint_lock,1.0,45,0.5564837480610468,0.03333333333333333,1.2238562120023642,300,False
joint_lock,1.0,46,0.5564837480610468,0.016666666666666666,2.375621327253195,300,False
joint_lock,1.0,47,0.5564837480610468,0.016666666666666666,3.184616397808951,300,False
joint_lock,1.0,48,0.5564837480610468,0.016666666666666666,3.184616397808951,300,False
joint_lock,1.0,49,0.5564837480610468,0.016666666666666666,2.6657289815595857,300,False
joint_lock,1.0,50,0.5564837480610468,0.016666666666666666,2.471313187241777,300,False
joint_lock,1.0,51,0.5564837480610468,0.016666666666666666,2.931187934393867,300,False
joint_lock,1.0,52,0.5564837480610468,0.03333333333333333,1.2238562120023642,300,False
joint_lock,1.0,53,0.5564837480610468,0.016666666666666666,2.471313187241777,300,False
joint_lock,1.0,54,0.5564837480610468,0.016666666666666666,2.9094106594070106,300,False
joint_lock,1.0,55,0.5564837480610468,0.03333333333333333,1.2238562120023642,300,False
joint_lock,1.0,56,0.5564837480610468,0.016666666666666666,2.931187934393867,300,False
joint_lock,1.0,57,0.5564837480610468,0.016666666666666666,2.6657289815595857,300,False
joint_lock,1.0,58,0.5564837480610468,0.016666666666666666,2.375621327253195,300,False
joint_lock,1.0,59,0.5564837480610468,0.016666666666666666,2.471313187241777,300,False
joint_lock,1.0,60,0.5564837480610468,0.016666666666666666,2.263370402288842,300,False
joint_lock,1.0,61,0.5564837480610468,0.016666666666666666,3.2271294594360977,300,False
joint_lock,1.0,62,0.5564837480610468,0.016666666666666666,3.2271294594360977,300,False
joint_lock,1.0,63,0.5564837480610468,0.016666666666666666,3.2271294594360977,300,False
joint_lock,1.0,64,0.5564837480610468,0.016666666666666666,2.375621327253195,300,False
joint_lock,1.0,65,0.5564837480610468,0.016666666666666666,2.263370402288842,300,False
joint_lock,1.0,66,0.5564837480610468,0.03333333333333333,1.2238562120023642,300,False
joint_lock,1.0,67,0.5564837480610468,0.016666666666666666,2.471313187241777,300,False
joint_lock,1.0,68,0.5564837480610468,0.016666666666666666,3.2271294594360977,300,False
joint_lock,1.0,69,0.5564837480610468,0.016666666666666666,2.6657289815595857,300,False
joint_lock,1.0,70,0.5564837480610468,0.016666666666666666,1.8724248804869463,300,False
joint_lock,1.0,71,0.5564837480610468,0.03333333333333333,1.2238562120023642,300,False
joint_lock,1.0,72,0.5564837480610468,0.03333333333333333,1.2238562120023642,300,False
joint_lock,1.0,73,0.5564837480610468,0.016666666666666666,2.471313187241777,300,False
joint_lock,1.0,74,0.5564837480610468,0.016666666666666666,2.263370402288842,300,False
joint_lock,1.0,75,0.5564837480610468,0.016666666666666666,1.8724248804869463,300,False
joint_lock,1.0,76,0.5564837480610468,0.016666666666666666,2.375621327253195,300,False
joint_lock,1.0,77,0.5564837480610468,0.016666666666666666,2.6657289815595857,300,False
joint_lock,1.0,78,0.5564837480610468,0.016666666666666666,1.1100279073568935,300,False
joint_lock,1.0,79,0.5564837480610468,0.016666666666666666,3.184616397808951,300,False
joint_lock,1.0,80,0.5564837480610468,0.23333333333333334,1.7947975845615827,300,False
joint_lock,1.0,81,0.5564837480610468,0.016666666666666666,2.6657289815595857,300,False
joint_lock,1.0,82,0.5564837480610468,0.016666666666666666,1.1100279073568935,300,False
joint_lock,1.0,83,0.5564837480610468,0.016666666666666666,1.1100279073568935,300,False
joint_lock,1.0,84,0.5564837480610468,0.016666666666666666,1.8724248804869463,300,False
joint_lock,1.0,85,0.5564837480610468,0.016666666666666666,1.1100279073568935,300,False
joint_lock,1.0,86,0.5564837480610468,0.03333333333333333,1.2238562120023642,300,False
joint_lock,1.0,87,0.5564837480610468,0.016666666666666666,1.8724248804869463,300,False
joint_lock,1.0,88,0.5564837480610468,0.016666666666666666,2.375621327253195,300,False
joint_lock,1.0,89,0.5564837480610468,0.23333333333333334,1.7947975845615827,300,False
joint_lock,1.0,90,0.5564837480610468,0.016666666666666666,1.8724248804869463,300,False
joint_lock,1.0,91,0.5564837480610468,0.016666666666666666,1.1100279073568935,300,False
joint_lock,1.0,92,0.5564837480610468,0.016666666666666666,3.2271294594360977,300,False
joint_lock,1.0,93,0.5564837480610468,0.03333333333333333,1.2238562120023642,300,False
joint_lock,1.0,94,0.5564837480610468,0.016666666666666666,2.6657289815595857,300,False
joint_lock,1.0,95,0.5564837480610468,0.016666666666666666,3.2271294594360977,300,False
joint_lock,1.0,96,0.5564837480610468,0.016666666666666666,2.471313187241777,300,False
joint_lock,1.0,97,0.5564837480610468,0.016666666666666666,3.184616397808951,300,False
joint_lock,1.0,98,0.5564837480610468,0.016666666666666666,2.931187934393867,300,False
joint_lock,1.0,99,0.5564837480610468,0.03333333333333333,1.2238562120023642,300,False
actuation_delay,10,0,0.5564837480610468,1.8166666666666667,1.2849260830227807,300,False
actuation_delay,10,1,0.5564837480610468,1.8166666666666667,1.2849260830227807,300,False
actuation_delay,10,2,0.5564837480610468,1.8166666666666667,1.2849260830227807,300,False
actuation_delay,10,3,0.5564837480610468,1.8166666666666667,1.2849260830227807,300,False
actuation_delay,10,4,0.5564837480610468,1.8166666666666667,1.2849260830227807,300,False
actuation_delay,10,5,0.5564837480610468,1.8166666666666667,1.2849260830227807,300,False
actuation_delay,10,6,0.5564837480610468,1.8166666666666667,1.2849260830227807,300,False
actuation_delay,10,7,0.5564837480610468,1.8166666666666667,1.2849260830227807,300,False
actuation_delay,10,8,0.5564837480610468,1.8166666666666667,1.2849260830227807,300,False
actuation_delay,10,9,0.5564837480610468,1.8166666666666667,1.2849260830227807,300,False
actuation_delay,10,10,0.5564837480610468,1.8166666666666667,1.2849260830227807,300,False
actuation_delay,10,11,0.5564837480610468,1.8166666666666667,1.2849260830227807,300,False
actuation_delay,10,12,0.5564837480610468,1.8166666666666667,1.2849260830227807,300,False
actuation_delay,10,13,0.5564837480610468,1.8166666666666667,1.2849260830227807,300,False
actuation_delay,10,14,0.5564837480610468,1.8166666666666667,1.2849260830227807,300,False
actuation_delay,10,15,0.5564837480610468,1.8166666666666667,1.2849260830227807,300,False
actuation_delay,10,16,0.5564837480610468,1.8166666666666667,1.2849260830227807,300,False
actuation_delay,10,17,0.5564837480610468,1.8166666666666667,1.2849260830227807,300,False
actuation_delay,10,18,0.5564837480610468,1.8166666666666667,1.2849260830227807,300,False
actuation_delay,10,19,0.5564837480610468,1.8166666666666667,1.2849260830227807,300,False
actuation_delay,10,20,0.5564837480610468,1.8166666666666667,1.2849260830227807,300,False
actuation_delay,10,21,0.5564837480610468,1.8166666666666667,1.2849260830227807,300,False
actuation_delay,10,22,0.5564837480610468,1.8166666666666667,1.2849260830227807,300,False
actuation_delay,10,23,0.5564837480610468,1.8166666666666667,1.2849260830227807,300,False
actuation_delay,10,24,0.5564837480610468,1.8166666666666667,1.2849260830227807,300,False
actuation_delay,10,25,0.5564837480610468,1.8166666666666667,1.2849260830227807,300,False
actuation_delay,10,26,0.5564837480610468,1.8166666666666667,1.2849260830227807,300,False
actuation_delay,10,27,0.5564837480610468,1.8166666666666667,1.2849260830227807,300,False
actuation_delay,10,28,0.5564837480610468,1.8166666666666667,1.2849260830227807,300,False
actuation_delay,10,29,0.5564837480610468,1.8166666666666667,1.2849260830227807,300,False
actuation_delay,10,30,0.5564837480610468,1.8166666666666667,1.2849260830227807,300,False
actuation_delay,10,31,0.5564837480610468,1.8166666666666667,1.2849260830227807,300,False
actuation_delay,10,32,0.5564837480610468,1.8166666666666667,1.2849260830227807,300,False
actuation_delay,10,33,0.5564837480610468,1.8166666666666667,1.2849260830227807,300,False
actuation_delay,10,34,0.5564837480610468,1.8166666666666667,1.2849260830227807,300,False
actuation_delay,10,35,0.5564837480610468,1.8166666666666667,1.2849260830227807,300,False
actuation_delay,10,36,0.5564837480610468,1.8166666666666667,1.2849260830227807,300,False
actuation_delay,10,37,0.5564837480610468,1.8166666666666667,1.2849260830227807,300,False
actuation_delay,10,38,0.5564837480610468,1.8166666666666667,1.2849260830227807,300,False
actuation_delay,10,39,0.5564837480610468,1.8166666666666667,1.2849260830227807,300,False
actuation_delay,10,40,0.5564837480610468,1.8166666666666667,1.2849260830227807,300,False
actuation_delay,10,41,0.5564837480610468,1.8166666666666667,1.2849260830227807,300,False
actuation_delay,10,42,0.5564837480610468,1.8166666666666667,1.2849260830227807,300,False
actuation_delay,10,43,0.5564837480610468,1.8166666666666667,1.2849260830227807,300,False
actuation_delay,10,44,0.5564837480610468,1.8166666666666667,1.2849260830227807,300,False
actuation_delay,10,45,0.5564837480610468,1.8166666666666667,1.2849260830227807,300,False
actuation_delay,10,46,0.5564837480610468,1.8166666666666667,1.2849260830227807,300,False
actuation_delay,10,47,0.5564837480610468,1.8166666666666667,1.2849260830227807,300,False
actuation_delay,10,48,0.5564837480610468,1.8166666666666667,1.2849260830227807,300,False
actuation_delay,10,49,0.5564837480610468,1.8166666666666667,1.2849260830227807,300,False
actuation_delay,10,50,0.5564837480610468,1.8166666666666667,1.2849260830227807,300,False
actuation_delay,10,51,0.5564837480610468,1.8166666666666667,1.2849260830227807,300,False
actuation_delay,10,52,0.5564837480610468,1.8166666666666667,1.2849260830227807,300,False
actuation_delay,10,53,0.5564837480610468,1.8166666666666667,1.2849260830227807,300,False
actuation_delay,10,54,0.5564837480610468,1.8166666666666667,1.2849260830227807,300,False
actuation_delay,10,55,0.5564837480610468,1.8166666666666667,1.2849260830227807,300,False
actuation_delay,10,56,0.5564837480610468,1.8166666666666667,1.2849260830227807,300,False
actuation_delay,10,57,0.5564837480610468,1.8166666666666667,1.2849260830227807,300,False
actuation_delay,10,58,0.5564837480610468,1.8166666666666667,1.2849260830227807,300,False
actuation_delay,10,59,0.5564837480610468,1.8166666666666667,1.2849260830227807,300,False
actuation_delay,10,60,0.5564837480610468,1.8166666666666667,1.2849260830227807,300,False
actuation_delay,10,61,0.5564837480610468,1.8166666666666667,1.2849260830227807,300,False
actuation_delay,10,62,0.5564837480610468,1.8166666666666667,1.2849260830227807,300,False
actuation_delay,10,63,0.5564837480610468,1.8166666666666667,1.2849260830227807,300,False
actuation_delay,10,64,0.5564837480610468,1.8166666666666667,1.2849260830227807,300,False
actuation_delay,10,65,0.5564837480610468,1.8166666666666667,1.2849260830227807,300,False
actuation_delay,10,66,0.5564837480610468,1.8166666666666667,1.2849260830227807,300,False
actuation_delay,10,67,0.5564837480610468,1.8166666666666667,1.2849260830227807,300,False
actuation_delay,10,68,0.5564837480610468,1.8166666666666667,1.2849260830227807,300,False
actuation_delay,10,69,0.5564837480610468,1.8166666666666667,1.2849260830227807,300,False
actuation_delay,10,70,0.5564837480610468,1.8166666666666667,1.2849260830227807,300,False
actuation_delay,10,71,0.5564837480610468,1.8166666666666667,1.2849260830227807,300,False
actuation_delay,10,72,0.5564837480610468,1.8166666666666667,1.2849260830227807,300,False
actuation_delay,10,73,0.5564837480610468,1.8166666666666667,1.2849260830227807,300,False
actuation_delay,10,74,0.5564837480610468,1.8166666666666667,1.2849260830227807,300,False
actuation_delay,10,75,0.5564837480610468,1.8166666666666667,1.2849260830227807,300,False
actuation_delay,10,76,0.5564837480610468,1.8166666666666667,1.2849260830227807,300,False
actuation_delay,10,77,0.5564837480610468,1.8166666666666667,1.2849260830227807,300,False
actuation_delay,10,78,0.5564837480610468,1.8166666666666667,1.2849260830227807,300,False
actuation_delay,10,79,0.5564837480610468,1.8166666666666667,1.2849260830227807,300,False
actuation_delay,10,80,0.5564837480610468,1.8166666666666667,1.2849260830227807,300,False
actuation_delay,10,81,0.5564837480610468,1.8166666666666667,1.2849260830227807,300,False
actuation_delay,10,82,0.5564837480610468,1.8166666666666667,1.2849260830227807,300,False
actuation_delay,10,83,0.5564837480610468,1.8166666666666667,1.2849260830227807,300,False
actuation_delay,10,84,0.5564837480610468,1.8166666666666667,1.2849260830227807,300,False
actuation_delay,10,85,0.5564837480610468,1.8166666666666667,1.2849260830227807,300,False
actuation_delay,10,86,0.5564837480610468,1.8166666666666667,1.2849260830227807,300,False
actuation_delay,10,87,0.5564837480610468,1.8166666666666667,1.2849260830227807,300,False
actuation_delay,10,88,0.5564837480610468,1.8166666666666667,1.2849260830227807,300,False
actuation_delay,10,89,0.5564837480610468,1.8166666666666667,1.2849260830227807,300,False
actuation_delay,10,90,0.5564837480610468,1.8166666666666667,1.2849260830227807,300,False
actuation_delay,10,91,0.5564837480610468,1.8166666666666667,1.2849260830227807,300,False
actuation_delay,10,92,0.5564837480610468,1.8166666666666667,1.2849260830227807,300,False
actuation_delay,10,93,0.5564837480610468,1.8166666666666667,1.2849260830227807,300,False
actuation_delay,10,94,0.5564837480610468,1.8166666666666667,1.2849260830227807,300,False
actuation_delay,10,95,0.5564837480610468,1.8166666666666667,1.2849260830227807,300,False
actuation_delay,10,96,0.5564837480610468,1.8166666666666667,1.2849260830227807,300,False
actuation_delay,10,97,0.5564837480610468,1.8166666666666667,1.2849260830227807,300,False
actuation_delay,10,98,0.5564837480610468,1.8166666666666667,1.2849260830227807,300,False
actuation_delay,10,99,0.5564837480610468,1.8166666666666667,1.2849260830227807,300,False
sensor_dropout,1.0,0,0.5564837480610468,0.016666666666666666,3.026840226496061,300,False
sensor_dropout,1.0,1,0.5564837480610468,0.016666666666666666,2.8849908649320364,300,False
sensor_dropout,1.0,2,0.5564837480610468,0.016666666666666666,3.026840226496061,300,False
sensor_dropout,1.0,3,0.5564837480610468,0.016666666666666666,3.1114349636841827,300,False
sensor_dropout,1.0,4,0.5564837480610468,0.016666666666666666,2.8371192506323664,300,False
sensor_dropout,1.0,5,0.5564837480610468,0.016666666666666666,2.8371192506323664,300,False
sensor_dropout,1.0,6,0.5564837480610468,0.016666666666666666,2.8849908649320364,300,False
sensor_dropout,1.0,7,0.5564837480610468,0.016666666666666666,2.787685390890102,300,False
sensor_dropout,1.0,8,0.5564837480610468,0.016666666666666666,2.8371192506323664,300,False
sensor_dropout,1.0,9,0.5564837480610468,0.016666666666666666,2.8849908649320364,300,False
sensor_dropout,1.0,10,0.5564837480610468,0.016666666666666666,3.1114349636841827,300,False
sensor_dropout,1.0,11,0.5564837480610468,0.016666666666666666,2.37025195176428,300,False
sensor_dropout,1.0,12,0.5564837480610468,0.016666666666666666,3.0091269263757088,300,False
sensor_dropout,1.0,13,0.5564837480610468,0.016666666666666666,3.026840226496061,300,False
sensor_dropout,1.0,14,0.5564837480610468,0.016666666666666666,2.37025195176428,300,False
sensor_dropout,1.0,15,0.5564837480610468,0.016666666666666666,2.787685390890102,300,False
sensor_dropout,1.0,16,0.5564837480610468,0.016666666666666666,2.679370761115344,300,False
sensor_dropout,1.0,17,0.5564837480610468,0.016666666666666666,2.8371192506323664,300,False
sensor_dropout,1.0,18,0.5564837480610468,0.016666666666666666,3.026840226496061,300,False
sensor_dropout,1.0,19,0.5564837480610468,0.016666666666666666,3.0091269263757088,300,False
sensor_dropout,1.0,20,0.5564837480610468,0.016666666666666666,3.026840226496061,300,False
sensor_dropout,1.0,21,0.5564837480610468,0.016666666666666666,2.7653310623749356,300,False
sensor_dropout,1.0,22,0.5564837480610468,0.016666666666666666,3.1114349636841827,300,False
sensor_dropout,1.0,23,0.5564837480610468,0.016666666666666666,2.971788027376899,300,False
sensor_dropout,1.0,24,0.5564837480610468,0.016666666666666666,2.6210189666223775,300,False
sensor_dropout,1.0,25,0.5564837480610468,0.016666666666666666,2.679370761115344,300,False
sensor_dropout,1.0,26,0.5564837480610468,0.016666666666666666,3.026840226496061,300,False
sensor_dropout,1.0,27,0.5564837480610468,0.016666666666666666,2.971788027376899,300,False
sensor_dropout,1.0,28,0.5564837480610468,0.016666666666666666,3.0091269263757088,300,False
sensor_dropout,1.0,29,0.5564837480610468,0.016666666666666666,2.787685390890102,300,False
sensor_dropout,1.0,30,0.5564837480610468,0.016666666666666666,2.37025195176428,300,False
sensor_dropout,1.0,31,0.5564837480610468,0.016666666666666666,2.679370761115344,300,False
sensor_dropout,1.0,32,0.5564837480610468,0.016666666666666666,3.026840226496061,300,False
sensor_dropout,1.0,33,0.5564837480610468,0.016666666666666666,3.026840226496061,300,False
sensor_dropout,1.0,34,0.5564837480610468,0.016666666666666666,2.971788027376899,300,False
sensor_dropout,1.0,35,0.5564837480610468,0.016666666666666666,2.37025195176428,300,False
sensor_dropout,1.0,36,0.5564837480610468,0.016666666666666666,2.6210189666223775,300,False
sensor_dropout,1.0,37,0.5564837480610468,0.016666666666666666,2.37025195176428,300,False
sensor_dropout,1.0,38,0.5564837480610468,0.016666666666666666,2.84654899669105,300,False
sensor_dropout,1.0,39,0.5564837480610468,0.016666666666666666,2.787685390890102,300,False
sensor_dropout,1.0,40,0.5564837480610468,0.016666666666666666,2.679370761115344,300,False
sensor_dropout,1.0,41,0.5564837480610468,0.016666666666666666,3.0091269263757088,300,False
sensor_dropout,1.0,42,0.5564837480610468,0.016666666666666666,2.37025195176428,300,False
sensor_dropout,1.0,43,0.5564837480610468,0.016666666666666666,2.679370761115344,300,False
sensor_dropout,1.0,44,0.5564837480610468,0.016666666666666666,2.8371192506323664,300,False
sensor_dropout,1.0,45,0.5564837480610468,0.016666666666666666,2.787685390890102,300,False
sensor_dropout,1.0,46,0.5564837480610468,0.016666666666666666,2.679370761115344,300,False
sensor_dropout,1.0,47,0.5564837480610468,0.016666666666666666,2.37025195176428,300,False
sensor_dropout,1.0,48,0.5564837480610468,0.016666666666666666,2.37025195176428,300,False
sensor_dropout,1.0,49,0.5564837480610468,0.016666666666666666,2.971788027376899,300,False
sensor_dropout,1.0,50,0.5564837480610468,0.016666666666666666,3.1114349636841827,300,False
sensor_dropout,1.0,51,0.5564837480610468,0.016666666666666666,2.6210189666223775,300,False
sensor_dropout,1.0,52,0.5564837480610468,0.016666666666666666,2.787685390890102,300,False
sensor_dropout,1.0,53,0.5564837480610468,0.016666666666666666,3.1114349636841827,300,False
sensor_dropout,1.0,54,0.5564837480610468,0.016666666666666666,2.7653310623749356,300,False
sensor_dropout,1.0,55,0.5564837480610468,0.016666666666666666,2.787685390890102,300,False
sensor_dropout,1.0,56,0.5564837480610468,0.016666666666666666,2.6210189666223775,300,False
sensor_dropout,1.0,57,0.5564837480610468,0.016666666666666666,2.971788027376899,300,False
sensor_dropout,1.0,58,0.5564837480610468,0.016666666666666666,2.679370761115344,300,False
sensor_dropout,1.0,59,0.5564837480610468,0.016666666666666666,3.1114349636841827,300,False
sensor_dropout,1.0,60,0.5564837480610468,0.016666666666666666,2.84654899669105,300,False
sensor_dropout,1.0,61,0.5564837480610468,0.016666666666666666,2.8849908649320364,300,False
sensor_dropout,1.0,62,0.5564837480610468,0.016666666666666666,2.8849908649320364,300,False
sensor_dropout,1.0,63,0.5564837480610468,0.016666666666666666,2.8849908649320364,300,False
sensor_dropout,1.0,64,0.5564837480610468,0.016666666666666666,2.679370761115344,300,False
sensor_dropout,1.0,65,0.5564837480610468,0.016666666666666666,2.84654899669105,300,False
sensor_dropout,1.0,66,0.5564837480610468,0.016666666666666666,2.787685390890102,300,False
sensor_dropout,1.0,67,0.5564837480610468,0.016666666666666666,3.1114349636841827,300,False
sensor_dropout,1.0,68,0.5564837480610468,0.016666666666666666,2.8849908649320364,300,False
sensor_dropout,1.0,69,0.5564837480610468,0.016666666666666666,2.971788027376899,300,False
sensor_dropout,1.0,70,0.5564837480610468,0.016666666666666666,3.0091269263757088,300,False
sensor_dropout,1.0,71,0.5564837480610468,0.016666666666666666,2.787685390890102,300,False
sensor_dropout,1.0,72,0.5564837480610468,0.016666666666666666,2.787685390890102,300,False
sensor_dropout,1.0,73,0.5564837480610468,0.016666666666666666,3.1114349636841827,300,False
sensor_dropout,1.0,74,0.5564837480610468,0.016666666666666666,2.84654899669105,300,False
sensor_dropout,1.0,75,0.5564837480610468,0.016666666666666666,3.0091269263757088,300,False
sensor_dropout,1.0,76,0.5564837480610468,0.016666666666666666,2.679370761115344,300,False
sensor_dropout,1.0,77,0.5564837480610468,0.016666666666666666,2.971788027376899,300,False
sensor_dropout,1.0,78,0.5564837480610468,0.016666666666666666,2.8371192506323664,300,False
sensor_dropout,1.0,79,0.5564837480610468,0.016666666666666666,2.37025195176428,300,False
sensor_dropout,1.0,80,0.5564837480610468,0.016666666666666666,3.026840226496061,300,False
sensor_dropout,1.0,81,0.5564837480610468,0.016666666666666666,2.971788027376899,300,False
sensor_dropout,1.0,82,0.5564837480610468,0.016666666666666666,2.8371192506323664,300,False
sensor_dropout,1.0,83,0.5564837480610468,0.016666666666666666,2.8371192506323664,300,False
sensor_dropout,1.0,84,0.5564837480610468,0.016666666666666666,3.0091269263757088,300,False
sensor_dropout,1.0,85,0.5564837480610468,0.016666666666666666,2.8371192506323664,300,False
sensor_dropout,1.0,86,0.5564837480610468,0.016666666666666666,2.787685390890102,300,False
sensor_dropout,1.0,87,0.5564837480610468,0.016666666666666666,3.0091269263757088,300,False
sensor_dropout,1.0,88,0.5564837480610468,0.016666666666666666,2.679370761115344,300,False
sensor_dropout,1.0,89,0.5564837480610468,0.016666666666666666,3.026840226496061,300,False
sensor_dropout,1.0,90,0.5564837480610468,0.016666666666666666,3.0091269263757088,300,False
sensor_dropout,1.0,91,0.5564837480610468,0.016666666666666666,2.8371192506323664,300,False
sensor_dropout,1.0,92,0.5564837480610468,0.016666666666666666,2.8849908649320364,300,False
sensor_dropout,1.0,93,0.5564837480610468,0.016666666666666666,2.787685390890102,300,False
sensor_dropout,1.0,94,0.5564837480610468,0.016666666666666666,2.971788027376899,300,False
sensor_dropout,1.0,95,0.5564837480610468,0.016666666666666666,2.8849908649320364,300,False
sensor_dropout,1.0,96,0.5564837480610468,0.016666666666666666,3.1114349636841827,300,False
sensor_dropout,1.0,97,0.5564837480610468,0.016666666666666666,2.37025195176428,300,False
sensor_dropout,1.0,98,0.5564837480610468,0.016666666666666666,2.6210189666223775,300,False
sensor_dropout,1.0,99,0.5564837480610468,0.016666666666666666,2.787685390890102,300,False
sensor_noise,0.3,0,0.5564837480610468,0.016666666666666666,2.65248890043208,300,False
sensor_noise,0.3,1,0.5564837480610468,0.016666666666666666,2.784485338078743,300,False
sensor_noise,0.3,2,0.5564837480610468,0.016666666666666666,2.7304051940139904,300,False
sensor_noise,0.3,3,0.5564837480610468,0.016666666666666666,2.848361651559328,300,False
sensor_noise,0.3,4,0.5564837480610468,0.016666666666666666,2.886716561016262,300,False
sensor_noise,0.3,5,0.5564837480610468,0.016666666666666666,2.8063495087186356,300,False
sensor_noise,0.3,6,0.5564837480610468,0.016666666666666666,2.850760951471709,300,False
sensor_noise,0.3,7,0.5564837480610468,0.016666666666666666,2.8957644909085003,300,False
sensor_noise,0.3,8,0.5564837480610468,0.016666666666666666,2.861369305299899,300,False
sensor_noise,0.3,9,0.5564837480610468,0.016666666666666666,2.4459468817477252,300,False
sensor_noise,0.3,10,0.5564837480610468,0.016666666666666666,2.7108112509571654,300,False
sensor_noise,0.3,11,0.5564837480610468,0.016666666666666666,2.9659481615535483,300,False
sensor_noise,0.3,12,0.5564837480610468,0.016666666666666666,2.648171496710956,300,False
sensor_noise,0.3,13,0.5564837480610468,0.016666666666666666,2.909242678239133,300,False
sensor_noise,0.3,14,0.5564837480610468,0.016666666666666666,2.76406089295007,300,False
sensor_noise,0.3,15,0.5564837480610468,0.016666666666666666,3.1844010069470614,300,False
sensor_noise,0.3,16,0.5564837480610468,0.016666666666666666,2.7895181421213238,300,False
sensor_noise,0.3,17,0.5564837480610468,0.016666666666666666,2.5656349249374863,300,False
sensor_noise,0.3,18,0.5564837480610468,0.016666666666666666,3.059670241593916,300,False
sensor_noise,0.3,19,0.5564837480610468,0.016666666666666666,2.7561096310472526,300,False
sensor_noise,0.3,20,0.5564837480610468,0.016666666666666666,3.095778852493454,300,False
sensor_noise,0.3,21,0.5564837480610468,0.016666666666666666,2.8730429369565003,300,False
sensor_noise,0.3,22,0.5564837480610468,0.016666666666666666,2.6582026973645925,300,False
sensor_noise,0.3,23,0.5564837480610468,0.016666666666666666,3.0482063896171216,300,False
sensor_noise,0.3,24,0.5564837480610468,0.016666666666666666,2.783946053142702,300,False
sensor_noise,0.3,25,0.5564837480610468,0.016666666666666666,2.78999784402485,300,False
sensor_noise,0.3,26,0.5564837480610468,0.016666666666666666,2.5229367431571132,300,False
sensor_noise,0.3,27,0.5564837480610468,0.016666666666666666,3.1087753753500684,300,False
sensor_noise,0.3,28,0.5564837480610468,0.016666666666666666,2.951935054378199,300,False
sensor_noise,0.3,29,0.5564837480610468,0.016666666666666666,2.955739018769802,300,False
sensor_noise,0.3,30,0.5564837480610468,0.016666666666666666,2.9558712785055734,300,False
sensor_noise,0.3,31,0.5564837480610468,0.016666666666666666,2.671001864535819,300,False
sensor_noise,0.3,32,0.5564837480610468,0.016666666666666666,2.9418781569197905,300,False
sensor_noise,0.3,33,0.5564837480610468,0.016666666666666666,3.0185865383749753,300,False
sensor_noise,0.3,34,0.5564837480610468,0.016666666666666666,2.804231325751054,300,False
sensor_noise,0.3,35,0.5564837480610468,0.016666666666666666,2.9924235252203593,300,False
sensor_noise,0.3,36,0.5564837480610468,0.016666666666666666,2.928825489322369,300,False
sensor_noise,0.3,37,0.5564837480610468,0.016666666666666666,2.860619115168359,300,False
sensor_noise,0.3,38,0.5564837480610468,0.016666666666666666,2.7572205619843304,300,False
sensor_noise,0.3,39,0.5564837480610468,0.016666666666666666,2.6411059070554863,300,False
sensor_noise,0.3,40,0.5564837480610468,0.016666666666666666,2.7337454734743307,300,False
sensor_noise,0.3,41,0.5564837480610468,0.016666666666666666,2.9536993504800777,300,False
sensor_noise,0.3,42,0.5564837480610468,0.016666666666666666,2.836725227217037,300,False
sensor_noise,0.3,43,0.5564837480610468,0.016666666666666666,2.9466143817931054,300,False
sensor_noise,0.3,44,0.5564837480610468,0.016666666666666666,2.5088834427622735,300,False
sensor_noise,0.3,45,0.5564837480610468,0.016666666666666666,2.9088505461254623,300,False
sensor_noise,0.3,46,0.5564837480610468,0.016666666666666666,2.718493225034774,300,False
sensor_noise,0.3,47,0.5564837480610468,0.016666666666666666,2.6876067511007906,300,False
sensor_noise,0.3,48,0.5564837480610468,0.016666666666666666,2.475248160890468,300,False
sensor_noise,0.3,49,0.5564837480610468,0.016666666666666666,2.795266661216893,300,False
sensor_noise,0.3,50,0.5564837480610468,0.016666666666666666,2.787895385872196,300,False
sensor_noise,0.3,51,0.5564837480610468,0.016666666666666666,2.898879996125401,300,False
sensor_noise,0.3,52,0.5564837480610468,0.016666666666666666,2.9532852577560536,300,False
sensor_noise,0.3,53,0.5564837480610468,0.016666666666666666,2.9708178164742836,300,False
sensor_noise,0.3,54,0.5564837480610468,0.016666666666666666,2.784681496130096,300,False
sensor_noise,0.3,55,0.5564837480610468,0.016666666666666666,2.9561192528880147,300,False
sensor_noise,0.3,56,0.5564837480610468,0.016666666666666666,2.81783670432226,300,False
sensor_noise,0.3,57,0.5564837480610468,0.016666666666666666,3.236658712934211,300,False
sensor_noise,0.3,58,0.5564837480610468,0.016666666666666666,2.97897730414773,300,False
sensor_noise,0.3,59,0.5564837480610468,0.016666666666666666,2.443594660011391,300,False
sensor_noise,0.3,60,0.5564837480610468,0.016666666666666666,3.0291162376138816,300,False
sensor_noise,0.3,61,0.5564837480610468,0.016666666666666666,2.69767850532514,300,False
sensor_noise,0.3,62,0.5564837480610468,0.016666666666666666,2.8446076490673233,300,False
sensor_noise,0.3,63,0.5564837480610468,0.016666666666666666,2.628542709464841,300,False
sensor_noise,0.3,64,0.5564837480610468,0.016666666666666666,2.8072330440097333,300,False
sensor_noise,0.3,65,0.5564837480610468,0.016666666666666666,2.8278590484988655,300,False
sensor_noise,0.3,66,0.5564837480610468,0.016666666666666666,3.143320673524374,300,False
sensor_noise,0.3,67,0.5564837480610468,0.016666666666666666,2.863438110218467,300,False
sensor_noise,0.3,68,0.5564837480610468,0.016666666666666666,3.1556878187774613,300,False
sensor_noise,0.3,69,0.5564837480610468,0.016666666666666666,2.8332294830884925,300,False
sensor_noise,0.3,70,0.5564837480610468,0.016666666666666666,2.767109853751254,300,False
sensor_noise,0.3,71,0.5564837480610468,0.016666666666666666,2.8327092022222113,300,False
sensor_noise,0.3,72,0.5564837480610468,0.016666666666666666,2.6659981055073096,300,False
sensor_noise,0.3,73,0.5564837480610468,0.016666666666666666,2.446501519997466,300,False
sensor_noise,0.3,74,0.5564837480610468,0.016666666666666666,2.7983648155579814,300,False
sensor_noise,0.3,75,0.5564837480610468,0.016666666666666666,2.8295573471002244,300,False
sensor_noise,0.3,76,0.5564837480610468,0.016666666666666666,2.909167725453141,300,False
sensor_noise,0.3,77,0.5564837480610468,0.016666666666666666,2.818651662284111,300,False
sensor_noise,0.3,78,0.5564837480610468,0.016666666666666666,2.87596927081936,300,False
sensor_noise,0.3,79,0.5564837480610468,0.016666666666666666,2.551810935487089,300,False
sensor_noise,0.3,80,0.5564837480610468,0.016666666666666666,2.999317375776566,300,False
sensor_noise,0.3,81,0.5564837480610468,0.016666666666666666,2.9328847827791553,300,False
sensor_noise,0.3,82,0.5564837480610468,0.016666666666666666,2.8515450602489003,300,False
sensor_noise,0.3,83,0.5564837480610468,0.016666666666666666,2.786553855614317,300,False
sensor_noise,0.3,84,0.5564837480610468,0.016666666666666666,2.705040855949441,300,False
sensor_noise,0.3,85,0.5564837480610468,0.016666666666666666,2.915053232768432,300,False
sensor_noise,0.3,86,0.5564837480610468,0.016666666666666666,2.8147027819469534,300,False
sensor_noise,0.3,87,0.5564837480610468,0.016666666666666666,2.904735607912193,300,False
sensor_noise,0.3,88,0.5564837480610468,0.016666666666666666,2.8614410329068094,300,False
sensor_noise,0.3,89,0.5564837480610468,0.016666666666666666,2.8397014492221766,300,False
sensor_noise,0.3,90,0.5564837480610468,0.016666666666666666,2.8392536043506165,300,False
sensor_noise,0.3,91,0.5564837480610468,0.016666666666666666,2.963707022905762,300,False
sensor_noise,0.3,92,0.5564837480610468,0.016666666666666666,2.8981709279269,300,False
sensor_noise,0.3,93,0.5564837480610468,0.016666666666666666,2.9802352205058034,300,False
sensor_noise,0.3,94,0.5564837480610468,0.016666666666666666,2.540215567369001,300,False
sensor_noise,0.3,95,0.5564837480610468,0.016666666666666666,2.956338527929855,300,False
sensor_noise,0.3,96,0.5564837480610468,0.016666666666666666,2.7970670444948453,300,False
sensor_noise,0.3,97,0.5564837480610468,0.016666666666666666,2.585488752406571,300,False
sensor_noise,0.3,98,0.5564837480610468,0.016666666666666666,2.6397239760058144,300,False
sensor_noise,0.3,99,0.5564837480610468,0.016666666666666666,2.77456052839384,300,False
